,precision,recall,f1-score,support
female,0.8270257156720039,0.7108006672226855,0.7645211930926217,4796.0
male,0.7513445679455002,0.8546084828711256,0.7996565540927304,4904.0
accuracy,0.7835051546391752,0.7835051546391752,0.7835051546391752,0.7835051546391752
macro avg,0.7891851418087521,0.7827045750469055,0.7820888735926761,9700.0
weighted avg,0.7887638240791406,0.7835051546391752,0.7822844725095839,9700.0
