,precision,recall,f1-score,support
1,0.7918143160878809,0.9614888123924269,0.8684415079673533,4648.0
2,0.9518687819306265,0.750795334040297,0.8394593312781599,4715.0
accuracy,0.8553882302680764,0.8553882302680764,0.8553882302680764,0.8553882302680764
macro avg,0.8718415490092537,0.8561420732163619,0.8539504196227565,9363.0
weighted avg,0.8724142099732324,0.8553882302680764,0.8538467239142136,9363.0
