,precision,recall,f1-score,support
1,0.867384916748286,0.9526678141135972,0.9080282989849278,4648.0
2,0.9483325504931893,0.8564156945917285,0.900033433634236,4715.0
accuracy,0.9041973726369753,0.9041973726369753,0.9041973726369753,0.9041973726369753
macro avg,0.9078587336207377,0.9045417543526628,0.904030866309582,9363.0
weighted avg,0.9081483572168558,0.9041973726369753,0.9040022613764143,9363.0
