,precision,recall,f1-score,support
female,0.6898395721925134,0.49615384615384617,0.5771812080536912,260.0
male,0.8388683886838868,0.9216216216216216,0.8783000643915004,740.0
accuracy,0.811,0.811,0.811,0.811
macro avg,0.7643539804382,0.708887733887734,0.7277406362225958,1000.0
weighted avg,0.8001208963961297,0.811,0.80000916174367,1000.0
